"filename","bytes","generated_by","run"
"final_alpha_seed23_D0020_corrected.png","94259","corrected_reaction_postprocess.py","seed23_D0020_corrected"
"final_disp_seed23_D0020_corrected.png","88771","corrected_reaction_postprocess.py","seed23_D0020_corrected"
"final_fields_panel_seed23_D0020_corrected.png","322166","corrected_reaction_postprocess.py","seed23_D0020_corrected"
"final_He_current_seed23_D0020_corrected.png","29839","corrected_reaction_postprocess.py","seed23_D0020_corrected"
"final_He_history_seed23_D0020_corrected.png","29631","corrected_reaction_postprocess.py","seed23_D0020_corrected"
"final_He_seed23_D0020_corrected.png","26194","corrected_reaction_postprocess.py","seed23_D0020_corrected"
"final_HI_seed23_D0020_corrected.png","26498","corrected_reaction_postprocess.py","seed23_D0020_corrected"
"final_HII_seed23_D0020_corrected.png","27232","corrected_reaction_postprocess.py","seed23_D0020_corrected"
"final_mechanics_drive_seed23_D0020_corrected.png","30252","corrected_reaction_postprocess.py","seed23_D0020_corrected"
"final_u_seed23_D0020_corrected.png","138372","corrected_reaction_postprocess.py","seed23_D0020_corrected"
"final_v_seed23_D0020_corrected.png","95326","corrected_reaction_postprocess.py","seed23_D0020_corrected"
"reaction_strain_seed23_D0020_corrected.png","47225","corrected_reaction_postprocess.py","seed23_D0020_corrected"
"stress_strain_data_seed23_D0020_corrected.csv","29931","corrected_reaction_postprocess.py","seed23_D0020_corrected"
"stress_strain_seed23_D0020_corrected.png","48323","corrected_reaction_postprocess.py","seed23_D0020_corrected"
"stress_strain_source_seed23_D0020_corrected.txt","445","corrected_reaction_postprocess.py","seed23_D0020_corrected"
